﻿pos_x,pos_y,rotation,side,designator,mpn,pack,footprint,value,mount_type
110.5,-63.75,180.0,bottom,C1,,,C_0805_2012Metric,10uF,smt
110.5,-67.29,180.0,bottom,C2,,,C_0805_2012Metric,0.1uF,smt
115.885,-70.8,180.0,bottom,C3,,,C_0805_2012Metric,1uF,smt
121.25,-67.3,0.0,bottom,C4,,,C_0805_2012Metric,0.1uF,smt
110.5,-78.15,180.0,bottom,C5,,,CP_Elec_5x5.4,100uF,smt
107.8575,-84.9,-90.0,bottom,J1,,,PinHeader_1x05_P2.54mm_Vertical,Conn_01x05_Pin,tht
115.885,-63.75,0.0,bottom,R1,,,R_0805_2012Metric,10k,smt
121.25,-70.8,180.0,bottom,R2,,,R_0805_2012Metric,0,smt
110.4625,-70.8,0.0,bottom,R8,,,R_0805_2012Metric,10k,smt
121.25,-63.75,0.0,bottom,R9,,,R_0805_2012Metric,10k,smt
122.8575,-79.0,-90.0,top,SW1,,,SW_Push_1P1T_XKB_TS-1187A,Reset,smt
116.75,-79.6,180.0,top,SW2,,,PinHeader_1x02_P2.54mm_Horizontal,Flash,tht
115.8575,-67.7,0.0,top,U1,,,ESP32-C3-WROOM-02,ESP32-C3-WROOM-02,smt
