﻿Designator,Quantity,Value,Footprint,Package,MPN,DNP,Mount_Type,Description
C1,1,10uF,C_0805_2012Metric,,,,smt,Unpolarized capacitor
"C2, C4",2,0.1uF,C_0805_2012Metric,,,,smt,Unpolarized capacitor
C3,1,1uF,C_0805_2012Metric,,,,smt,Unpolarized capacitor
C5,1,100uF,CP_Elec_5x5.4,,,,smt,Polarized capacitor
J1,1,Conn_01x05_Pin,PinHeader_1x05_P2.54mm_Vertical,,,,tht,"Generic connector, single row, 01x05, script generated"
"R1, R8, R9",3,10k,R_0805_2012Metric,,,,smt,Resistor
R2,1,0,R_0805_2012Metric,,,,smt,Resistor
SW1,1,Reset,SW_Push_1P1T_XKB_TS-1187A,,,,smt,"Push button switch, generic, two pins"
SW2,1,Flash,PinHeader_1x02_P2.54mm_Horizontal,,,,tht,"1x DIP Switch, Single Pole Single Throw (SPST) switch, small symbol"
U1,1,ESP32-C3-WROOM-02,ESP32-C3-WROOM-02,,,,smt,"ESP32-C3-WROOM-02 is a general-purpose Wi-Fi and Bluetooth LE module. This module features a rich set of peripherals and high performance, which makes it an ideal choice for smart home, industrial automation, health care, consumer electronics, etc."
